"","CA_MPA_Name_Short","year","PurpDiff","lnPurpDiff","MacroDiff","lnMacroDiff","MesDiff","lnMesDiff","UrchDiff","lnUrchDiff","LobDiff","lnLobDiff","time","HW","BA_HW","type","Location","Hectares","H_cat","SheepDiff","lnSheepDiff","SheepTLDiff","lnSheepTLDiff","classcode","site_designation","SheepDiffden","lnSheepDiffden"
"1","Abalone Cove SMCA",2011,5.40397350993377,1.68713451814918,1.0542830302432,0.0528609437140425,4.93122886133033,1.59558821892713,5.28672897196262,1.66519971283408,1.15384615384615,0.143100843640673,0,"N","B","SMCA","ML",1241.700755,"S",0.702634005051073,-0.352919141444466,1.01010101010101,0.0100503358535015,"SPUL","SMCA",0.775862068965517,-0.2537805207761
"2","Abalone Cove SMCA",2012,3.92090667952737,1.36632292285542,0.847732982766001,-0.165189571588655,6.59248956884562,1.88593105696808,4.34869240348692,1.46987520301273,0.695652173913044,-0.362905493689368,0,"N","B","SMCA","ML",1241.700755,"S",0.308627770617958,-1.17561935406115,0.732203389830508,-0.311696948655655,"SPUL","SMCA",0.652173913043478,-0.42744401482694
"3","Abalone Cove SMCA",2013,5.94230769230769,1.78209755831632,0.587420886075949,-0.532013704029948,5.37890625,1.68248505424909,5.83115183246073,1.76321455073839,0.857142857142857,-0.154150679827258,1,"N","B","SMCA","ML",1241.700755,"S",0.149203199226922,-1.90244614890267,0.674184357317709,-0.394251678293958,"SPUL","SMCA",0.221311475409836,-1.50818417872893
"4","Abalone Cove SMCA",2014,492,6.19847871649231,0.414814814814815,-0.87992308770328,9.375,2.23804657185647,132.125,4.8837484441904,1,0,2,"Y","D","SMCA","ML",1241.700755,"S",0.419192971933006,-0.869423911542834,0.6,-0.510825623765991,"SPUL","SMCA",0.666666666666667,-0.405465108108164
"5","Abalone Cove SMCA",2015,0.430622009569378,-0.842524581634546,0.905012401193393,-0.0998066323999705,6.1304347826087,1.81326567444902,1.9251968503937,0.655028222456336,1.08196721311475,0.0787808778531144,3,"Y","D","SMCA","ML",1241.700755,"S",0.515447733804417,-0.662719369987546,0.670939956933246,-0.399075628975179,"SPUL","SMCA",0.769230769230769,-0.262364264467491
"6","Abalone Cove SMCA",2016,5.57142857142857,1.71765149707433,2.82598943275845,1.03885854496251,3.625,1.28785428830664,6.88888888888889,1.92990980770887,0.466666666666667,-0.762140052046897,4,"Y","D","SMCA","ML",1241.700755,"S",0.694462147265027,-0.364617621851188,0.366052376333657,-1.00497885108251,"SPUL","SMCA",1.40540540540541,0.340325805937203
"7","Abalone Cove SMCA",2017,2.83333333333333,1.04145387482816,1.19685975609756,0.179701256885972,2.07407407407407,0.72951482473082,3.7037037037037,1.30933331998376,0.933333333333333,-0.0689928714869514,5,"N","A","SMCA","ML",1241.700755,"S",0.648828399295175,-0.432587005105648,0.789718755820451,-0.236078402196566,"SPUL","SMCA",0.868217054263566,-0.141313533066578
"8","Abalone Cove SMCA",2018,13.4444444444444,2.59856596826052,1.01740911418331,0.0172593116751379,8.375,2.12525107771113,20,2.99573227355399,2,0.693147180559945,6,"N","A","SMCA","ML",1241.700755,"S",0.790073057988153,-0.235629859330923,0.957238851557727,-0.0437023350151142,"SPUL","SMCA",0.853658536585366,-0.158224005214894
"9","Abalone Cove SMCA",2019,1.18918918918919,0.173271721274037,2.19838523644752,0.787723107433606,2.36842105263158,0.862223510603879,1.6875,0.523248143764548,0.588235294117647,-0.53062825106217,7,"N","A","SMCA","ML",1241.700755,"S",0.601103291247616,-0.508988493577504,1.08537652353652,0.0819269530936598,"SPUL","SMCA",0.538461538461538,-0.619039208406224
"10","Abalone Cove SMCA",2020,0.848484848484848,-0.164303051291276,1.64986176429964,0.500691505190476,1.33333333333333,0.287682072451781,1.2,0.182321556793955,0.579710144927536,-0.545227050483323,8,"N","A","SMCA","ML",1241.700755,"S",2.83513391281423,1.04208917162473,1.17184720041863,0.158581307585823,"SPUL","SMCA",2.5,0.916290731874155
"11","Anacapa Island SMR",2007,0.413239550380292,-0.883727829036785,0.867131354477674,-0.142564809089397,0.511961015948021,-0.669506797568002,0.43118863474302,-0.841209617009708,2.53571428571429,0.930475366866112,2,"N","B","SMR","C",2990.307056,"M",2.69183234054569,0.990222129213574,1.50653430841936,0.409811852922902,"SPUL","SMR",1.50840336134454,0.411051714816804
"12","Anacapa Island SMR",2008,0.62868300982136,-0.464128108260242,1.00986215179363,0.00981383816581986,0.437227949599084,-0.827300596088418,0.580074056931266,-0.544599499228375,3,1.09861228866811,3,"N","B","SMR","C",2990.307056,"M",1.21211820112048,0.192369408568771,1.55918534319025,0.444163468955547,"SPUL","SMR",0.89010989010989,-0.116410351844411
"13","Anacapa Island SMR",2009,0.428482113732739,-0.847506283396046,0.921996106810144,-0.0812142779831089,0.735247461928934,-0.307548153537759,0.473065849354509,-0.748520683785596,2.38235294117647,0.868088630056277,4,"N","B","SMR","C",2990.307056,"M",1.68620676934375,0.52248149105404,1.17116597070152,0.15799980873238,"SPUL","SMR",1.3054587688734,0.266554526025906
"14","Anacapa Island SMR",2010,0.269753210947482,-1.31024777149497,1.71768623548563,0.540978173288588,0.395977808599168,-0.926397108188884,0.293923310225303,-1.22443639524442,1.53806706114398,0.430526472957314,5,"N","B","SMR","C",2990.307056,"M",1.75268362512901,0.561148113398594,1.17791928801596,0.163749566766573,"SPUL","SMR",1.18045112781955,0.165896677126554
"15","Anacapa Island SMR",2011,0.265962757725525,-1.32439898855321,1.43759555389822,0.362971963757208,0.260720756996175,-1.34430534097371,0.264568158168574,-1.32965637404162,1.44166666666667,0.365799851715733,6,"N","B","SMR","C",2990.307056,"M",1.95905830201625,0.672463899630448,1.00630175248908,0.00628197947314886,"SPUL","SMR",1.57983193277311,0.45731846971842
"16","Anacapa Island SMR",2012,0.462379357888517,-0.771369603864976,1.51457605659491,0.415135569171014,0.459278831209201,-0.778097777958773,0.461149786660678,-0.774032371925089,1.71111111111111,0.537142932083364,7,"N","B","SMR","C",2990.307056,"M",1.88380716797491,0.63329481846087,1.03371557360808,0.0331596643664821,"SPUL","SMR",1.39732142857143,0.334557138685114
"17","Anacapa Island SMR",2014,0.0465279401449614,-3.06770228350242,9.50686971142821,2.25201466479453,0.344804010938924,-1.06477910760677,0.106417660208644,-2.2403837364431,1.19548611111111,0.178552890208532,9,"Y","D","SMR","C",2990.307056,"M",1.86614233816141,0.623873379345259,0.749113994383625,-0.288864111606716,"SPUL","SMR",1.609375,0.475845904869964
"18","Anacapa Island SMR",2015,0.0355098855359001,-3.33794415546517,18.3774885403806,2.911126466698,0.127288732394366,-2.06129728955643,0.0497897331786543,-2.99994647727684,1.72196333078686,0.543465111229945,10,"Y","D","SMR","C",2990.307056,"M",1.82304166920512,0.600506352925764,1.50523066369405,0.408946151369962,"SPUL","SMR",0.956140350877193,-0.0448505661653518
"19","Anacapa Island SMR",2016,0.0443552241659497,-3.11552478311751,10.1736361977741,2.31979968772842,0.21290751829674,-1.5468973939592,0.062709590878605,-2.7692408784701,1.76848072562358,0.570120830889607,11,"Y","D","SMR","C",2990.307056,"M",1.74684542964558,0.557811549644863,1.13734516120012,0.128696740555655,"SPUL","SMR",1.08762886597938,0.0839999744127385
"20","Anacapa Island SMR",2017,0.0185341196293176,-3.98814194125135,3.68206747832958,1.30347440918548,0.102115244347192,-2.28165325695301,0.028269240142321,-3.56598098622574,1.67230141325536,0.514200769501372,12,"N","A","SMR","C",2990.307056,"M",1.08830885909641,0.0846249859940265,1.17137795723298,0.158180797041297,"SPUL","SMR",0.611111111111111,-0.492476485097794
"21","Anacapa Island SMR",2018,0.0209680316091954,-3.86475630546525,1.57203381041796,0.452370201675187,0.0934256055363322,-2.3705898221081,0.0283634338451746,-3.56265450407049,1.57622739018088,0.455034264137575,13,"N","A","SMR","C",2990.307056,"M",1.32668854282418,0.282686020058253,1.18922067556441,0.173298198102684,"SPUL","SMR",0.747993579454254,-0.290360884661807
"22","Anacapa Island SMR",2019,0.023543990086741,-3.74888468910351,1.84587507011493,0.612953457796455,0.0843471208434712,-2.47281460402297,0.031783248664843,-3.4488158995347,1.32242063492063,0.279463871547395,14,"N","A","SMR","C",2990.307056,"M",1.24429741794201,0.218571047688408,1.08444595235589,0.0810692135799242,"SPUL","SMR",0.83743842364532,-0.177407541991525
"23","Anacapa Island SMR",2020,0.0397840939115993,-3.2242880970356,1.59135963947726,0.464588769994127,0.134308760082536,-2.00761394986212,0.0541918429003021,-2.91522488185722,1.73695333233541,0.552132620079056,15,"N","A","SMR","C",2990.307056,"M",1.12715158049809,0.119693725124442,0.933007177226419,-0.0693423855315638,"SPUL","SMR",0.971698113207547,-0.0287101058824313
"24","Blue Cavern Onshore SMCA",2011,0.272727272727273,-1.29928298413026,0.978273099745895,-0.0219664048344535,0.333333333333333,-1.09861228866811,0.189189189189189,-1.66500776358891,0.269230769230769,-1.31218638896617,6,"N","B","SMCA","C",677.0633697,"S",3.39644984318884,1.22273072233537,1.48986838077747,0.398687781006921,"SPUL","SMCA",2.75555555555556,1.01361907583472
"25","Blue Cavern Onshore SMCA",2012,1.16666666666667,0.154150679827258,1.15778155293991,0.146505719680343,1.61111111111111,0.476924072090309,1.58888888888889,0.463034959929642,0.708333333333333,-0.344840486291729,7,"N","B","SMCA","C",677.0633697,"S",2.75067569553939,1.01184658896621,NA,NA,"SPUL","SMCA",3.08333333333333,1.12601126285622
"26","Blue Cavern Onshore SMCA",2019,1.0625,0.0606246218164348,15.8286967418546,2.76182454213071,1.58333333333333,0.45953232937844,1.64583333333333,0.498246841559131,0.797619047619048,-0.226124179452348,14,"N","A","SMCA","C",677.0633697,"S",1.10886828946866,0.103339936183141,0.755164835164835,-0.28081922884085,"SPUL","SMCA",1.2280701754386,0.205443974214809
"27","Blue Cavern Onshore SMCA",2020,1,0,10.653162055336,2.36585675469171,0.85,-0.162518929497775,0.85,-0.162518929497775,1.71666666666667,0.540384426007535,15,"N","A","SMCA","C",677.0633697,"S",1.69065309385538,0.525114900352205,1.31928480204342,0.277089773128835,"SPUL","SMCA",2,0.693147180559946
"28","Campus Point SMCA",2010,1.37245160185027,0.316598631011326,0.874240064311913,-0.1344002679166,0.650709219858156,-0.429692403443489,1.25600460232993,0.227935732314715,1,0,0,"N","B","SMCA","ML",2734.933446,"M",0.515618573678526,-0.662387985139777,1.21485595279417,0.194625512392977,"SPUL","SMCA",0.641025641025641,-0.444685821261446
"29","Campus Point SMCA",2011,1.50306988896146,0.407509609331454,11.5779220779221,2.44910001544951,0.777589134125637,-0.251556999537402,1.40686996939123,0.341367356939886,1,0,0,"N","B","SMCA","ML",2734.933446,"M",0.689667298092957,-0.371545974352261,1.22093023255814,0.199613053904016,"SPUL","SMCA",0.794117647058823,-0.230523658611832
"30","Campus Point SMCA",2012,0.804884253370644,-0.217056796534316,13.0256164520315,2.56691791489042,1.65154639175258,0.501712056130876,0.972386991204745,-0.0280014146585063,0.875,-0.133531392624522,0,"N","B","SMCA","ML",2734.933446,"M",0.807504844542197,-0.213806224470261,0.985970996216898,-0.0141283404136723,"SPUL","SMCA",0.794871794871795,-0.2295744416445
"31","Campus Point SMCA",2013,3.17947826086957,1.15671711442237,2.77095238095238,1.01919108094516,4.69184890656064,1.54582672791992,3.57947790126648,1.2752169521422,0.96579476861167,-0.0348039221946921,1,"N","B","SMCA","ML",2734.933446,"M",0.628134800329527,-0.465000485341745,1.10958904109589,0.103989713524048,"SPUL","SMCA",0.742857142857143,-0.297251523467932
"32","Campus Point SMCA",2014,2.16125517541948,0.770689152654246,0.838656212150188,-0.175954415547293,0.578706353749285,-0.546960091113585,1.47930905927675,0.39157512692674,1,0,2,"Y","D","SMCA","ML",2734.933446,"M",0.429664131196623,-0.844751465744863,0.732050680431722,-0.311905531855034,"SPUL","SMCA",0.666666666666667,-0.405465108108164
"33","Campus Point SMCA",2015,0.479113384484228,-0.735817998759784,1.04239938861802,0.0415251603145324,0.748224151539069,-0.290052678066117,0.572063315745626,-0.558505601865249,1.1,0.0953101798043249,3,"Y","D","SMCA","ML",2734.933446,"M",0.570955066533495,-0.560444765008374,0.767213715962226,-0.264989877624039,"SPUL","SMCA",0.676923076923077,-0.390197635977376
"34","Campus Point SMCA",2016,0.418945963975984,-0.870013331634399,1.030357541903,0.0299058700677064,0.267326732673267,-1.31928365083693,0.384818133895625,-0.954984435792578,1.61069651741294,0.476666704954672,4,"Y","D","SMCA","ML",2734.933446,"M",0.575382935915357,-0.552719484343095,0.905400039706174,-0.0993784001254376,"SPUL","SMCA",0.559523809523809,-0.580669197133255
"35","Campus Point SMCA",2017,0.21930567315834,-1.51728875449782,1.30607421600006,0.267025856192222,0.245738636363636,-1.40348676166026,0.222331368696791,-1.50358635821988,1.83443223443223,0.606735024600929,5,"N","A","SMCA","ML",2734.933446,"M",0.678673581709919,-0.387615000871744,0.924163901649197,-0.0788658403336837,"SPUL","SMCA",0.68,-0.385662480811985
"36","Campus Point SMCA",2018,0.182377049180328,-1.70167903612101,3.17573040692023,1.15553765531104,0.143884892086331,-1.9387416595767,0.1712,-1.7649228152745,2.215,0.795252403497099,6,"N","A","SMCA","ML",2734.933446,"M",0.630434129618567,-0.461346602280603,1.0215515758406,0.021322624300116,"SPUL","SMCA",0.654320987654321,-0.424157241120317
"37","Campus Point SMCA",2019,0.168160377358491,-1.78283712781171,6.3199604743083,1.84371295407407,0.128205128205128,-2.05412373369555,0.158985282726569,-1.8389436425141,1.01470588235294,0.0145987994211526,7,"N","A","SMCA","ML",2734.933446,"M",0.517396037768624,-0.658946667225082,0.884184939484479,-0.123089030663716,"SPUL","SMCA",0.56140350877193,-0.577315365034824
"38","Campus Point SMCA",2020,0.926544240400668,-0.0762934843690149,7.77499272938782,2.05091252293789,0.430313588850174,-0.843241059691589,0.764204545454545,-0.268919795996258,1.9,0.641853886172395,8,"N","A","SMCA","ML",2734.933446,"M",0.852886851124766,-0.159128388442853,0.837811460084898,-0.176962191779158,"SPUL","SMCA",0.934782608695652,-0.0674412807955325
"39","Cat Harbor SMCA",2011,0.146341463414634,-1.92181259747625,1.04933401932201,0.0481556956244586,0.5,-0.693147180559945,0.278481012658228,-1.27840539910871,1.11111111111111,0.105360515657826,6,"N","B","SMCA","C",66.79821831,"S",1.31801382225292,0.276125923318891,0.960846785613141,-0.0399403149669063,"SPUL","SMCA",1,0
"40","Cat Harbor SMCA",2012,0.136986301369863,-1.98787434815435,1.42534324942792,0.354412661505979,0.945454545454546,-0.0560894666510433,0.459016393442623,-0.778669353998107,1.2,0.182321556793955,7,"N","B","SMCA","C",66.79821831,"S",1.47008398543338,0.385319532106495,1.08791208791209,0.0842603436177398,"SPUL","SMCA",1.13636363636364,0.127833371509885
"41","Cat Harbor SMCA",2019,0.304347826086956,-1.18958406687384,0.0757575757575758,-2.58021682959233,0.0740740740740741,-2.60268968544438,0.072,-2.63108915996608,1.66666666666667,0.510825623765991,14,"N","A","SMCA","C",66.79821831,"S",0.957048320103957,-0.0439013975771169,0.860798564378645,-0.149894757351745,"SPUL","SMCA",0.974358974358974,-0.0259754864032608
"42","Cat Harbor SMCA",2020,0.214285714285714,-1.54044504094715,0.0775,-2.55747734262284,0.153846153846154,-1.87180217690159,0.0983606557377049,-2.31911439494526,0.545454545454545,-0.606135803570316,15,"N","A","SMCA","C",66.79821831,"S",1.31324114734783,0.272498239803383,0.8784516765286,-0.129594379665183,"SPUL","SMCA",1.88,0.631271776841858
"43","Crystal Cove SMCA",2011,4.5,1.50407739677627,0.945309910507126,-0.0562424576248745,16.1666666666667,2.78295150927533,19.6666666666667,2.97892515523761,2.33333333333333,0.847297860387204,0,"N","B","SMCA","ML",913.7427716,"S",1.9949400927609,0.690614021199681,NA,NA,"SPUL","SMCA",4.55555555555556,1.51634748936809
"44","Crystal Cove SMCA",2012,4.58333333333333,1.52242653544447,0.558675078864353,-0.582187229088493,8.25,2.11021320034659,8.22222222222222,2.10684051586795,1,0,0,"N","B","SMCA","ML",913.7427716,"S",1.14154981637702,0.132386827189232,NA,NA,"SPUL","SMCA",1.47619047619048,0.389464766761723
"45","Crystal Cove SMCA",2019,0.0348258706467662,-3.35739475900376,2.6,0.955511445027436,0.748299319727891,-0.28995222098632,0.104399701715138,-2.25952846067237,1.52380952380952,0.421213465076304,7,"N","A","SMCA","ML",913.7427716,"S",2.0649836390499,0.725122303403353,NA,NA,"SPUL","SMCA",3,1.09861228866811
"46","Crystal Cove SMCA",2020,1,0,2,0.693147180559945,1.86666666666667,0.624154309072994,1.86666666666667,0.624154309072994,0.75,-0.287682072451781,8,"N","A","SMCA","ML",913.7427716,"S",0.746341612427924,-0.292571858087664,NA,NA,"SPUL","SMCA",1.26666666666667,0.23638877806423
"47","Gull Island SMR",2004,0.410832907511497,-0.88956869821711,1.29409294913724,0.257810024362399,0.3467525496511,-1.05914386681899,0.37860513896172,-0.971261466707593,1.08333333333333,0.0800427076735364,0,"N","B","SMR","C",5162.300775,"L",1.19614804826887,0.179106434045547,0.771787484680532,-0.259046045764783,"SPUL","SMR",1.67924528301887,0.518344456180018
"48","Gull Island SMR",2005,1.00084245998315,0.000842105312922089,0.972312479584644,-0.028078045131499,0.667450611476952,-0.404289881741851,0.842914438502674,-0.170889822569503,1,0,0,"N","B","SMR","C",5162.300775,"L",1.5153383269191,0.415638732127973,0.737240820327226,-0.304840682598957,"SPUL","SMR",2.225,0.799756915618204
"49","Gull Island SMR",2006,0.481719935617383,-0.7303923802414,0.920676703267737,-0.0826463322910411,0.622154264356099,-0.474567203558962,0.537637362637363,-0.62057099323471,1.23076923076923,0.207639364778245,1,"N","B","SMR","C",5162.300775,"L",3.73327418770303,1.3172856469279,1.05558762225429,0.0540975997865913,"SPUL","SMR",2.35,0.854415328156068
"50","Gull Island SMR",2007,0.656324461343473,-0.421100006608619,0.844136975996718,-0.169440503719426,1.02707702657249,0.0267169296650916,0.741837331772967,-0.298625289265525,1.13888888888889,0.130053128248198,2,"N","B","SMR","C",5162.300775,"L",1.58849345929856,0.46278605718579,0.70311884469697,-0.352229347836425,"SPUL","SMR",2.27272727272727,0.82098055206983
"51","Gull Island SMR",2008,6.06380857427717,1.80233808027537,0.887429353187703,-0.119426362843002,1.8228636106395,0.600408677011503,3.36874546773024,1.21454041028807,1.83333333333333,0.606135803570316,3,"N","B","SMR","C",5162.300775,"L",1.94804504781644,0.666826330115405,0.920747865841324,-0.0825690415077901,"SPUL","SMR",2.08108108108108,0.732887509209459
"52","Gull Island SMR",2009,6,1.79175946922806,0.875672246967099,-0.132763405354142,0.868219633943427,-0.14131056183258,2.62692138779095,0.965812585547219,2.91666666666667,1.07044141170141,4,"N","B","SMR","C",5162.300775,"L",3.25561653886458,1.1803816705858,0.866101901511458,-0.143752708160355,"SPUL","SMR",2.9,1.06471073699243
"53","Gull Island SMR",2010,0.85716696669667,-0.154122552410056,0.86425200742504,-0.145890877446577,0.628810135879545,-0.463925918595745,0.770020964360587,-0.26133753806272,1.0625,0.0606246218164348,5,"N","B","SMR","C",5162.300775,"L",2.66120210882646,0.978777941319694,0.938281530162983,-0.0637052362420356,"SPUL","SMR",2.7,0.993251773010283
"54","Gull Island SMR",2011,1.20225721784777,0.184200804773974,0.765005323302068,-0.267872486615017,0.5429871352369,-0.610669651341938,1.03700787401575,0.0363395222906441,1.54166666666667,0.432864082296279,6,"N","B","SMR","C",5162.300775,"L",3.55610817270135,1.26866673695877,0.97387762964186,-0.0264696201505891,"SPUL","SMR",2.69565217391304,0.991640169115942
"55","Gull Island SMR",2012,0.863692094461325,-0.146538945844971,0.606207871176704,-0.500532329987594,0.674311926605505,-0.394062476010353,0.792969404510573,-0.231970640045472,1.35555555555556,0.304211374402991,7,"N","B","SMR","C",5162.300775,"L",1.89619826031427,0.639850966042315,0.86133473590806,-0.14927207437285,"SPUL","SMR",1.69767441860465,0.529259325454829
"56","Gull Island SMR",2014,0.456209073900842,-0.784804079148065,0.640554329341101,-0.445421337915398,0.664607558139535,-0.408558550662369,0.496442035815269,-0.700288547900789,1.65865384615385,0.506006337330042,9,"Y","D","SMR","C",5162.300775,"L",2.53439211686156,0.929953812177624,0.869237605535454,-0.140138766998868,"SPUL","SMR",2.39473684210526,0.873273346790464
"57","Gull Island SMR",2015,0.184200879765396,-1.69172837903012,0.700165814838213,-0.356438093649672,0.214321947920189,-1.54027596494708,0.190546706155447,-1.65785793779726,1.16666666666667,0.154150679827258,10,"Y","D","SMR","C",5162.300775,"L",3.46344935786167,1.24226501670816,1.07894996180605,0.0759883106001537,"SPUL","SMR",2.64179104477612,0.971457113182863
"58","Gull Island SMR",2017,0.110336123289491,-2.20422390598118,1.14610862709729,0.136372401843452,0.236411842686699,-1.44217989873753,0.132687664469222,-2.01975729999632,1.84835164835165,0.614294241021998,12,"N","A","SMR","C",5162.300775,"L",3.7864200051999,1.33142098303137,1.16507818678407,0.15278819788505,"SPUL","SMR",2.2578125,0.814396424192815
"59","Gull Island SMR",2018,0.104250960307298,-2.26095420676485,4.68115032060665,1.54354387472833,0.362188900912042,-1.01558937753619,0.140001319522333,-1.96610343125773,1.71946169772257,0.542011275400777,13,"N","A","SMR","C",5162.300775,"L",3.96470269549291,1.37743087005429,0.899286439340663,-0.106153675302832,"SPUL","SMR",3.7051282051282,1.30971786142284
"60","Gull Island SMR",2019,0.0722971642378889,-2.62697037274584,5.09717234262126,1.62868594334685,0.0883639545056868,-2.42629114695355,0.0748894348894349,-2.59174245462415,1.625,0.485507815781701,14,"N","A","SMR","C",5162.300775,"L",2.27110375251324,0.820265947906908,0.892523241196626,-0.113702725110948,"SPUL","SMR",2.42222222222222,0.884685392458824
"61","Gull Island SMR",2020,0.119065548805998,-2.12808110721943,9.02088903743316,2.19954289212586,0.1950119395065,-1.6346944940543,0.126794080464044,-2.06519092210625,1.14285714285714,0.133531392624523,15,"N","A","SMR","C",5162.300775,"L",3.66136414473525,1.29783579511227,0.815688009033444,-0.203723339000099,"SPUL","SMR",4.8,1.56861591791385
"62","Harris Point SMR",2004,1.7782874617737,0.575650801061466,1.25754827808837,0.229164014372791,1.37495495495495,0.318420970549153,1.41990920881971,0.350592932118178,1,0,0,"N","B","SMR","C",6577.874855,"L",1.29247914561401,0.256562192348818,0.89035756651415,-0.116132136811684,"SPUL","SMR",1.26666666666667,0.236388778064231
"63","Harris Point SMR",2005,0.880733944954128,-0.126999690761308,1.18428756494836,0.169141382773238,3.61171662125341,1.28418317767451,3.01170212765957,1.10250540984785,1,0,0,"N","B","SMR","C",6577.874855,"L",1.39150567182776,0.330386378028506,0.955952380952381,-0.0450471778905976,"SPUL","SMR",1.28,0.246860077931526
"64","Harris Point SMR",2006,2.16470588235294,0.772284501118669,0.89391676245717,-0.112142615014511,0.736857476635514,-0.305360788620575,0.7706605661996,-0.260507253720278,1,0,1,"N","B","SMR","C",6577.874855,"L",2.00334010331818,0.69481583923345,NA,NA,"SPUL","SMR",1.54166666666667,0.432864082296279
"65","Harris Point SMR",2007,0.558208955223881,-0.58302191497048,1.08354355376831,0.0802367384806286,1.33479982402112,0.288781336055934,1.23613251155624,0.211987563285877,1,0,2,"N","B","SMR","C",6577.874855,"L",1.68420591120501,0.521294183407508,3.56818181818182,1.27205617143005,"SPUL","SMR",1.28,0.246860077931526
"66","Harris Point SMR",2008,0.362649294245386,-1.01431904327861,1.07360733752974,0.0710243217217458,3.9784133837021,1.38088309250435,2.78566256335988,1.024485749343,1,0,3,"N","B","SMR","C",6577.874855,"L",0.911754776682825,-0.0923842102801175,0.913695090439276,-0.0902583622662936,"SPUL","SMR",0.966666666666667,-0.0339015516756815
"67","Harris Point SMR",2009,0.703247480403135,-0.3520464144083,0.547019063565981,-0.603271626041335,3.34655250112663,1.20793071180443,2.5941935483871,0.953275696983982,1,0,4,"N","B","SMR","C",6577.874855,"L",3.96125558887938,1.37656104290982,NA,NA,"SPUL","SMR",2.125,0.75377180237638
"68","Harris Point SMR",2010,0.206540447504303,-1.57725901406987,0.218305973897583,-1.52185765025975,2.2307248050823,0.802326557363524,1.94270833333333,0.664083047616034,1,0,5,"N","B","SMR","C",6577.874855,"L",2.42972441945803,0.887777843290884,1.23921130952381,0.214475136550639,"SPUL","SMR",1.40740740740741,0.341749293722057
"69","Harris Point SMR",2011,0.105263157894737,-2.25129179860649,0.120932728607578,-2.11252084991037,3.60360799609946,1.28193556471251,3.21344902386117,1.16734482258254,1.08333333333333,0.0800427076735364,6,"N","B","SMR","C",6577.874855,"L",1.75011493415204,0.559681462437113,0.933092948717949,-0.0692504596049773,"SPUL","SMR",1.38461538461538,0.325422400434628
"70","Harris Point SMR",2012,0.157894736842105,-1.84582669049833,0.488372862743885,-0.71667610187676,3.71661054994388,1.31281211045422,3.35725113693785,1.21112252513062,1,0,7,"N","B","SMR","C",6577.874855,"L",3.13328136602767,1.14208081515999,NA,NA,"SPUL","SMR",1.45833333333333,0.377294231141468
"71","Harris Point SMR",2014,0.698014018691589,-0.359516092336076,0.727299974323119,-0.318416267126031,1.8665407617249,0.624086857722255,1.26088936105631,0.231817314082183,1,0,9,"Y","D","SMR","C",6577.874855,"L",1.81236814420657,0.594634357076466,0.856760374832664,-0.1545970087791,"SPUL","SMR",1.38461538461538,0.325422400434628
"72","Harris Point SMR",2016,1.07139896373057,0.0689652372536616,0.690655832849681,-0.370113650422355,1.84948158741509,0.614905376801555,1.2464817048653,0.220324946669833,1,0,11,"Y","D","SMR","C",6577.874855,"L",1.23157935960262,0.208297377917233,0.781328887830436,-0.246759106606344,"SPUL","SMR",1.3,0.262364264467491
"73","Harris Point SMR",2018,1.24835718786569,0.221828437223192,1,0,1.4438829787234,0.367335997521511,1.29804132732045,0.260856457004975,1.21428571428571,0.194156014440958,13,"N","A","SMR","C",6577.874855,"L",1.02422893832079,0.0239400742075844,0.961347473064104,-0.03941936089577,"SPUL","SMR",1.17021276595745,0.157185583522412
"74","Harris Point SMR",2019,1.27915144703568,0.24619692609157,1,0,1.18616144975288,0.170722420950603,1.26299322092821,0.233484475917854,1,0,14,"N","A","SMR","C",6577.874855,"L",2.08337253693762,0.733987992633209,1.3254819146632,0.28177610249181,"SPUL","SMR",1.2972972972973,0.260283098263667
"75","Harris Point SMR",2020,0.912199906187369,-0.0918961175467156,1,0,0.986481376441671,-0.0136108321146242,0.93522195746183,-0.0669713902057305,1.16666666666667,0.154150679827258,15,"N","A","SMR","C",6577.874855,"L",2.21743715963603,0.796352096417207,0.954929577464789,-0.0461176820949656,"SPUL","SMR",1.64285714285714,0.496436886313891
"76","Matlahuayl SMR",2011,1,0,1.44982993197279,0.371446261259045,6.42857142857143,1.86075234071501,6.42857142857143,1.86075234071501,0.847826086956522,-0.165079750359449,0,"N","B","SMR","ML",268.4458073,"S",1.42208859176039,0.352126630256458,1.23650637880275,0.212289966722799,"SPUL","SMR",1.05,0.048790164169432
"77","Matlahuayl SMR",2012,0.789473684210527,-0.23638877806423,1.0261569416499,0.0258206996217428,2.34375,0.851752210736584,1.86666666666667,0.624154309072994,2.25,0.810930216216329,0,"N","B","SMR","ML",268.4458073,"S",2.21724425092756,0.796265096386888,1.27010233918129,0.239097479256451,"SPUL","SMR",1.76470588235294,0.567984037605939
"78","Matlahuayl SMR",2019,0.28125,-1.26851132546351,1.22222222222222,0.200670695462151,0.230769230769231,-1.46633706879343,0.184615384615385,-1.68948062010764,0.43421052631579,-0.834225778819851,7,"N","A","SMR","ML",268.4458073,"S",1.29985900607575,0.262255801720815,0.956521739130435,-0.0444517625708338,"SPUL","SMR",1.5,0.405465108108165
"79","Matlahuayl SMR",2020,0.75,-0.287682072451781,4.91666666666667,1.59263079411772,0.285714285714286,-1.25276296849537,0.260869565217391,-1.34373474670109,1.05882352941176,0.0571584138399486,8,"N","A","SMR","ML",268.4458073,"S",1.11247243000609,0.106584952734177,1.125,0.117783035656383,"SPUL","SMR",1.05,0.048790164169432
"80","Naples SMCA",2010,0.442228947836924,-0.815927549479063,0.585491804951728,-0.535303092708882,4.53209109730849,1.51118344387029,0.765604467805519,-0.267089603168781,1,0,0,"N","B","SMCA","ML",673.8031024,"S",1.96658508641694,0.67629857990027,1.36655211912944,0.312290866258314,"SPUL","SMCA",1.86206896551724,0.6216882165778
"81","Naples SMCA",2011,0.469686162624822,-0.7556905464112,0.377671451355662,-0.97373063762307,9.37795275590551,2.23836148289671,0.855384615384615,-0.1562040686391,1,0,0,"N","B","SMCA","ML",673.8031024,"S",1.70395918734125,0.532954477029477,1.12491264849755,0.117705386861842,"SPUL","SMCA",1.52941176470588,0.424883193965266
"82","Naples SMCA",2012,0.714089661482159,-0.336746748221052,0.943996798011397,-0.0576325047794689,2.09054726368159,0.737425880351824,1.14815979867883,0.138160485665735,1.08333333333333,0.0800427076735364,0,"N","B","SMCA","ML",673.8031024,"S",1.96631049018888,0.67615893915815,0.909777777777778,-0.0945549095371763,"SPUL","SMCA",1.66666666666667,0.510825623765991
"83","Naples SMCA",2013,0.295265384090599,-1.21988071995948,0.439614847351266,-0.821856282338614,0.903642231443061,-0.101321758602311,0.657398212512413,-0.419465336781554,1.08333333333333,0.0800427076735364,1,"N","B","SMCA","ML",673.8031024,"S",2.83226401945451,1.0410763986946,NA,NA,"SPUL","SMCA",1.70833333333333,0.535518236356362
"84","Naples SMCA",2014,0.15916955017301,-1.83778529162334,0.581705064644697,-0.541791721476717,6.0521472392638,1.80041312465591,1.45918367346939,0.377877151589335,1.16666666666667,0.154150679827258,2,"Y","D","SMCA","ML",673.8031024,"S",4.68787557586401,1.54497951093785,NA,NA,"SPUL","SMCA",2,0.693147180559945
"85","Naples SMCA",2015,0.598388179986568,-0.5135156052132,0.8436420791703,-0.170026951144622,1.92244897959184,0.653599883471691,1.31060606060606,0.270489671911408,1.77822177822178,0.57561386397091,3,"Y","D","SMCA","ML",673.8031024,"S",3.58398753417154,1.27647601691789,0.898765885659218,-0.10673269482162,"SPUL","SMCA",5.06,1.62136648329937
"86","Naples SMCA",2016,0.258823529411765,-1.351608803132,0.948716424681331,-0.0526453399036877,1.36764705882353,0.313091787977149,0.608490566037736,-0.49677387031034,1,0,4,"Y","D","SMCA","ML",673.8031024,"S",2.28445957291641,0.826129485614404,1.07189765974405,0.0694305914347128,"SPUL","SMCA",2.48648648648649,0.910870664404816
"87","Naples SMCA",2017,0.409926470588235,-0.891777475395824,0.611760630466788,-0.49141419966806,3.9671052631579,1.37803667588091,0.844462540716612,-0.169054900477561,0.923076923076923,-0.0800427076735364,5,"N","A","SMCA","ML",673.8031024,"S",4.53018536404769,1.5107628578736,1.4914370296836,0.399740104626888,"SPUL","SMCA",1.68965517241379,0.524524468124153
"88","Naples SMCA",2018,0.92196349905601,-0.0812496450855482,0.652019051678148,-0.427681497117134,5.41726618705036,1.6895912946692,1.59514824797844,0.466966677358674,1.18461538461538,0.169418151958047,6,"N","A","SMCA","ML",673.8031024,"S",3.29029916583322,1.19097849250743,1.1195124432884,0.1128932720359,"SPUL","SMCA",2.23943661971831,0.806224325178916
"89","Naples SMCA",2019,0.819859402460457,-0.198622413838932,0.527729571989637,-0.639171300743966,7.47549019607843,2.0116296951973,1.36912479740681,0.314171701689011,1,0,7,"N","A","SMCA","ML",673.8031024,"S",3.38275766776742,1.21869125488506,1.12597672682147,0.118650860606443,"SPUL","SMCA",2.43396226415094,0.88952049080955
"90","Naples SMCA",2020,2.35593220338983,0.856936489224972,0.601877081441114,-0.50770203817427,3.6,1.28093384546206,2.687432867884,0.988586413749789,1.08333333333333,0.0800427076735364,8,"N","A","SMCA","ML",673.8031024,"S",3.41098289381666,1.22700048841856,1.07677906453329,0.0739742374211145,"SPUL","SMCA",2.25581395348837,0.81351086280982
"91","Painted Cave SMCA",2003,0.516609965979588,-0.660467107024501,0.571621325942674,-0.559278524415479,2.36520076481836,0.860862908327565,0.957961881340301,-0.0429472916355838,1,0,0,"N","B","SMCA","C",462.229162,"S",2.0097674020648,0.698018995009094,0.873358211928445,-0.135409484359882,"SPUL","SMCA",2.02564102564103,0.705886206337375
"92","Painted Cave SMCA",2004,8.95794392523364,2.19254072802379,0.134679462322583,-2.00485767695605,1.84430379746835,0.612101860734138,5.06760563380282,1.62286844447512,1,0,0,"N","B","SMCA","C",462.229162,"S",1.52861051449636,0.4243591623169,0.986628622580284,-0.0134615792711851,"SPUL","SMCA",1.34210526315789,0.29423947299794
"93","Painted Cave SMCA",2005,1.77840375586854,0.575716195602498,0.515471611494958,-0.662673046886413,2.5045045045045,0.918090912378303,2.03482587064677,0.710410247983726,1,0,0,"N","B","SMCA","C",462.229162,"S",1.98944183352017,0.687854113724684,1.14104919976289,0.131948189812612,"SPUL","SMCA",1.42857142857143,0.356674943938732
"94","Painted Cave SMCA",2006,1.77275431290898,0.572534446090834,0.330990620129524,-1.10566524198387,1.19852941176471,0.18109531507071,1.53301071552022,0.427233589767545,1,0,1,"N","B","SMCA","C",462.229162,"S",2.67298228848012,0.98319481105182,1.28382260211588,0.249842035376864,"SPUL","SMCA",1.6,0.470003629245736
"95","Painted Cave SMCA",2007,2.83692647871752,1.04272124034023,0.570225290806364,-0.561723749214364,12.1564245810056,2.49785780213508,3.69230769230769,1.30625165344635,1,0,2,"N","B","SMCA","C",462.229162,"S",2.04679550079847,0.716275399782651,1.95922619047619,0.672549594510627,"SPUL","SMCA",1.08333333333333,0.0800427076735364
"96","Painted Cave SMCA",2008,2.28798751950078,0.827672618739029,0.572489234206534,-0.557761348609974,5.48488512696493,1.7019961503839,2.94950248756219,1.081636507845,1,0,3,"N","B","SMCA","C",462.229162,"S",1.96903539326388,0.677543774743726,1.52423729071075,0.421494147710176,"SPUL","SMCA",1.43181818181818,0.358945092473271
"97","Painted Cave SMCA",2009,3.08292682926829,1.12587941500845,0.68353947014472,-0.380470877382696,4.91395348837209,1.59207880892845,3.477648202138,1.2463562613446,1.25,0.22314355131421,4,"N","B","SMCA","C",462.229162,"S",2.33584301311276,0.848372859416969,1.84601996885591,0.61303195338722,"SPUL","SMCA",0.903225806451613,-0.101782694309942
"98","Painted Cave SMCA",2010,1.92644655116051,0.65567714068701,0.454859587471352,-0.787766506621707,9.54596100278551,2.25611813338633,2.73282442748092,1.00533566319955,1,0,5,"N","B","SMCA","C",462.229162,"S",1.79740765356543,0.586345434364501,1.54020745609531,0.431917119102924,"SPUL","SMCA",1.01923076923077,0.0190481949706944
"99","Painted Cave SMCA",2011,1.29901960784314,0.261609832142006,0.0577886977886978,-2.85096206241217,1.99166132135985,0.688969125309803,1.46201293816759,0.379814210924267,1,0,6,"N","B","SMCA","C",462.229162,"S",2.53294202140461,0.929381481458171,1.41147999960287,0.34463879900625,"SPUL","SMCA",1.28846153846154,0.253448900809539
"100","Painted Cave SMCA",2012,1.53441715669319,0.428150606453912,0.0517670259731529,-2.96100189663458,4.77954319761668,1.56434497658455,2.01755939206138,0.701888559172968,1.08333333333333,0.0800427076735364,7,"N","B","SMCA","C",462.229162,"S",2.49711410099911,0.915135705487565,1.34618645739714,0.297275748669515,"SPUL","SMCA",1.26829268292683,0.237671651877119
"101","Painted Cave SMCA",2014,1.16249352443447,0.150567288084907,0.0775635579373897,-2.55665757630515,1.32626262626263,0.282364931174161,1.20453666709628,0.186094984366422,1,0,9,"Y","D","SMCA","C",462.229162,"S",2.21234038985312,0.794050955118338,1.23078162771958,0.207649437249676,"SPUL","SMCA",1.35294117647059,0.302280871872934
"102","Painted Cave SMCA",2015,0.704277534523408,-0.350582775335126,0.517241379310345,-0.659245628884264,1.42599469496021,0.354869601760929,0.877992574574318,-0.130117142587432,1,0,10,"Y","D","SMCA","C",462.229162,"S",1.54976392897005,0.438102615441448,1.09964600436846,0.0949883138005257,"SPUL","SMCA",0.828571428571429,-0.18805223150294
"103","Painted Cave SMCA",2017,1.30093786635404,0.263085440014839,0.16953642384106,-1.77468748532941,1.78090349075975,0.57712081460782,1.37842105263158,0.32093867935318,1.16666666666667,0.154150679827258,12,"N","A","SMCA","C",462.229162,"S",3.11698065839682,1.13686479556762,1.29709259051923,0.260125291004663,"SPUL","SMCA",1.62162162162162,0.483426649577876
"104","Painted Cave SMCA",2018,0.567366682397357,-0.566749478110527,0.668759811616955,-0.402330309302793,0.959683794466403,-0.041151429542177,0.617843560489259,-0.481519991936266,1.08333333333333,0.0800427076735364,13,"N","A","SMCA","C",462.229162,"S",3.57708048383868,1.274546960398,1.17466480961126,0.160982838483402,"SPUL","SMCA",2.06,0.72270598280149
"105","Painted Cave SMCA",2019,1.41263899592646,0.345459583392805,1,0,2.75675675675676,1.01405490064005,1.49549829245576,0.402459457299022,1,0,14,"N","A","SMCA","C",462.229162,"S",3.35768795320914,1.21125262795539,1.12273825608944,0.115770572979489,"SPUL","SMCA",2.05882352941176,0.722134717433197
"106","Painted Cave SMCA",2020,1.61555763823805,0.479680183911546,1,0,2.09569377990431,0.739884658411635,1.65180282180805,0.501867310716091,0.923076923076923,-0.0800427076735364,15,"N","A","SMCA","C",462.229162,"S",3.26741726620024,1.18399984598152,1.09264963025997,0.088605599945616,"SPUL","SMCA",2.05555555555556,0.72054615474806
"107","Point Dume SMCA",2010,0.64116452268111,-0.444469189345302,0.77464269120164,-0.255353399552861,1.38193156918928,0.323482208337534,0.869515372589891,-0.139819265539726,1,0,0,"N","B","SMCA","ML",4123.367722,"L",0.730271106043996,-0.314339435641033,1.16210442465059,0.150232520700582,"SPUL","SMCA",0.711864406779661,-0.339867825622351
"108","Point Dume SMCA",2011,0.510257245197004,-0.672840278084802,0.838365409454921,-0.176301224073116,0.57331571994716,-0.556318719337044,0.521978021978022,-0.650129795476254,1,0,0,"N","B","SMCA","ML",4123.367722,"L",1.17334868107211,0.159861781315535,0.956196996810083,-0.0447913235500514,"SPUL","SMCA",1.19148936170213,0.175204089025091
"109","Point Dume SMCA",2012,1.06476262056871,0.0627518828326089,1.33276689575455,0.287257154002631,0.921338548457193,-0.0819277223693077,1.0215152710223,0.0212870847695753,0.888888888888889,-0.117783035656383,0,"N","B","SMCA","ML",4123.367722,"L",0.664813502363672,-0.408248725232483,1.23450782823998,0.210672371006141,"SPUL","SMCA",0.547945205479452,-0.601579987034455
"110","Point Dume SMCA",2013,0.7177539223782,-0.331628495170818,1.40213502454809,0.337996092497205,0.716006884681583,-0.334065496590648,0.7169278191626,-0.332780114074133,1.04,0.0392207131532813,1,"N","B","SMCA","ML",4123.367722,"L",1.20335923632571,0.185117009477444,1.09609469661665,0.0917535868158717,"SPUL","SMCA",0.88,-0.127833371509885
"111","Point Dume SMCA",2019,0.14025974025974,-1.96425928772351,0.538405872014887,-0.619142594294142,0.0720338983050847,-2.63061846096939,0.100272851296044,-2.29986029566786,2.5,0.916290731874155,7,"N","A","SMCA","ML",4123.367722,"L",1.24753744337267,0.221171562920691,1.14930798538216,0.139160009408257,"SPUL","SMCA",1.05,0.0487901641694318
"112","Point Dume SMCA",2020,0.23936170212766,-1.42977947305963,0.810386473429952,-0.210244017413578,0.217391304347826,-1.52605630349505,0.208474576271186,-1.56793818152735,0.206896551724138,-1.57553636075842,8,"N","A","SMCA","ML",4123.367722,"L",0.599270114077825,-0.512042840811133,0.982606042111687,-0.0175470101603607,"SPUL","SMCA",0.609375,-0.495321437230025
"113","Point Vicente SMCA",2007,8.5625,2.14739220358834,0.933219073269266,-0.0691153004782895,12.0157894736842,2.48622157436931,10.2881040892193,2.33098828498095,0.672413793103448,-0.396881364416773,0,"N","B","SMCA","ML",3896.539074,"M",2.2915239795514,0.829217089477595,0.947257496018468,-0.0541843156616181,"SPUL","SMCA",2.65263157894737,0.975552195910882
"114","Point Vicente SMCA",2008,41.7958115183246,3.73279613159917,0.698788251060978,-0.3584075138845,4.68717504332756,1.54483006480338,20.967869222097,3.04299122897843,0.857142857142857,-0.154150679827258,0,"N","B","SMCA","ML",3896.539074,"M",1.69405946032047,0.527127696157221,0.981337271750806,-0.0188390744765113,"SPUL","SMCA",2.09150326797386,0.737883074401337
"115","Point Vicente SMCA",2009,18.2682634730539,2.90516531787333,0.884062921404026,-0.123227040818678,2.88669950738916,1.06011381053523,12.3469387755102,2.51340815992021,0.831683168316832,-0.184303717997946,0,"N","B","SMCA","ML",3896.539074,"M",1.16774998384144,0.155078806562737,1.237429967815,0.21303662219469,"SPUL","SMCA",1.0062893081761,0.0062696130135954
"116","Point Vicente SMCA",2010,5.92982456140351,1.77999462764847,0.326638557271936,-1.11890104885561,1.29259259259259,0.256649963204052,2.99108280254777,1.09563546316558,0.888888888888889,-0.117783035656383,0,"N","B","SMCA","ML",3896.539074,"M",2.3885244835257,0.870675804381777,0.968313118313118,-0.0321997746787516,"SPUL","SMCA",2.1,0.741937344729377
"117","Point Vicente SMCA",2011,0.331311380704795,-1.10469661860678,1.42487563363004,0.354084535266378,0.521663019693654,-0.65073345570301,0.354430379746835,-1.03724334229182,1.1689497716895,0.156105714663062,0,"N","B","SMCA","ML",3896.539074,"M",1.47207139203057,0.386670519151361,1.18787287364989,0.172164206502401,"SPUL","SMCA",1.11940298507463,0.112795494145344
"118","Point Vicente SMCA",2012,0.576463945797709,-0.550842481041886,1.46282881514896,0.380372105724289,0.778692028211156,-0.250139653755879,0.614332698632508,-0.487218643134769,0.980769230769231,-0.0194180858571015,0,"N","B","SMCA","ML",3896.539074,"M",0.950182881780764,-0.0511008057770255,1.27659574468085,0.244196960512042,"SPUL","SMCA",0.810344827586207,-0.210295408836361
"119","Point Vicente SMCA",2013,8.07163742690059,2.08835636466149,0.445422259241041,-0.808732549563345,1.29854096520763,0.261241299722867,4.39520958083832,1.48051521619776,0.738095238095238,-0.303682413798222,1,"N","B","SMCA","ML",3896.539074,"M",0.872763653280336,-0.136090489143035,1.01679225454464,0.0166528233824274,"SPUL","SMCA",0.850746268656716,-0.161641351556416
"120","Point Vicente SMCA",2014,4.47836538461539,1.49925811034033,0.439732521382577,-0.821588642868257,2.56797853309481,0.94311902640602,3.57308970099668,1.27343068395891,0.684,-0.379797361359587,2,"Y","D","SMCA","ML",3896.539074,"M",3.34817507653874,1.20841544413299,1.44199234763597,0.366025732077502,"SPUL","SMCA",1.64912280701754,0.500243514435454
"121","Point Vicente SMCA",2015,7.51020408163265,2.0162626400583,0.692338491993465,-0.367680292679894,5.20967741935484,1.65051793817756,7.10526315789474,1.96083579927199,3.58333333333333,1.27629346590556,3,"Y","D","SMCA","ML",3896.539074,"M",2.52642058221181,0.926803511340002,1.09417874309163,0.0900040755640092,"SPUL","SMCA",1.82191780821918,0.599889687073363
"122","Point Vicente SMCA",2016,4.9009009009009,1.58941904554361,1.128248224606,0.12066618614164,3.01298701298701,1.10293194981263,4.05442176870748,1.39980808028661,0.75,-0.287682072451781,4,"Y","D","SMCA","ML",3896.539074,"M",1.49043800382269,0.399070039056024,1.38658717717045,0.326845459806046,"SPUL","SMCA",1.04444444444444,0.0434851119397389
"123","Point Vicente SMCA",2017,5.96153846153846,1.78532857889776,1.00829928426885,0.0082650345772989,2.91228070175439,1.06893652052199,4.55223880597015,1.51561915721645,2.05882352941176,0.722134717433197,5,"N","A","SMCA","ML",3896.539074,"M",1.56605845846914,0.448561926673367,1.14138358534059,0.132241197854097,"SPUL","SMCA",1.47142857142857,0.386233746180277
"124","Point Vicente SMCA",2018,5.35987261146497,1.67894020828255,0.782518798869681,-0.245237332741795,4.96551724137931,1.60251746958953,5.95866141732284,1.78484586144324,3.57352941176471,1.27355373816444,6,"N","A","SMCA","ML",3896.539074,"M",2.77823852163801,1.02181710156712,1.20134113743202,0.183438547254458,"SPUL","SMCA",1.90189873417722,0.642852720948296
"125","Point Vicente SMCA",2019,6.52717391304348,1.875974064471,0.91419894170345,-0.0897070707055419,5.33620689655172,1.67451508157823,7.02083333333333,1.94888191944447,1.32758620689655,0.283362411307264,7,"N","A","SMCA","ML",3896.539074,"M",2.42064417336138,0.884033692086443,1.30705712424675,0.26777814007318,"SPUL","SMCA",1.54775280898876,0.436804078300884
"126","Point Vicente SMCA",2020,1.74603174603175,0.557345639400883,0.783889301165316,-0.243487466094253,1.8,0.587786664902119,1.86394557823129,0.622695519609334,1.38461538461538,0.325422400434628,8,"N","A","SMCA","ML",3896.539074,"M",2.43804197820017,0.891195249204602,1.20576847700211,0.187117103923435,"SPUL","SMCA",1.85333333333333,0.616985819594381
"127","Santa Barbara Island SMR",2011,2.66903283052351,0.981716171029954,1.28181818181818,0.248279524585752,0.270941652224148,-1.30585178672993,1.21704067321178,0.1964222343276,2.33333333333333,0.847297860387204,6,"N","B","SMR","C",3307.221086,"M",0.881847284507491,-0.125736384783891,1.12567004169148,0.118378450976147,"SPUL","SMR",0.792792792792793,-0.232193386834128
"128","Santa Barbara Island SMR",2013,3.47663551401869,1.24606501981124,5.61725490196079,1.72584309296585,0.201263537906137,-1.60314009584711,0.871270452358037,-0.137802842453477,1.125,0.117783035656383,8,"N","B","SMR","C",3307.221086,"M",0.658755740555685,-0.417402464848505,0.908256880733945,-0.0962280320945538,"SPUL","SMR",0.725961538461538,-0.320258242886394
"129","Santa Barbara Island SMR",2019,0.266666666666667,-1.32175583998232,0.683511294358107,-0.380512098656037,0.0606060606060606,-2.80336038090653,0.078920041536864,-2.53932007151179,1.5,0.405465108108164,14,"N","A","SMR","C",3307.221086,"M",1.53851088473936,0.430814990658645,1.1535554422272,0.142848861826164,"SPUL","SMR",0.887640449438202,-0.119188517265118
"130","Scorpion SMR",2004,0.146985859588191,-1.91741889010788,23,3.13549421592915,0.612134017506792,-0.490804037588822,0.22555229414491,-1.48920324384313,2.05263157894737,0.719122666963206,0,"N","B","SMR","C",2495.721854,"M",1.56458660956012,0.44762164185316,1.31872825055362,0.27666782563505,"SPUL","SMR",1.36633663366337,0.312133168315945
"131","Scorpion SMR",2005,0.260356347438753,-1.34570401926423,14.5659574468085,2.67868712438603,0.680555555555556,-0.384845820905429,0.327412116679132,-1.11653560593598,1.43478260869565,0.361013345537331,0,"N","B","SMR","C",2495.721854,"M",1.09742421263459,0.0929658090357402,1.04788863334409,0.0467773143591837,"SPUL","SMR",0.966145833333333,-0.0344404899802918
"132","Scorpion SMR",2006,1.5428002815329,0.433599129833704,15.7424242424242,2.7563592490728,2.75354838709677,1.01289040250835,1.70186886284447,0.53172697832523,1.28,0.246860077931526,1,"N","B","SMR","C",2495.721854,"M",1.10353359215135,0.0985173877115359,1.00770135675633,0.00767185269244985,"SPUL","SMR",1.18764988009592,0.171976463779859
"133","Scorpion SMR",2007,0.80495053672911,-0.216974448508405,8.65,2.15755932094379,0.987242798353909,-0.0128392734948995,0.830442811108295,-0.185796213096556,1.056,0.0544881852840698,2,"N","B","SMR","C",2495.721854,"M",1.09460173387036,0.0903905837483112,1.07661285256147,0.07381986517626,"SPUL","SMR",1.02477477477477,0.0244728565187257
"134","Scorpion SMR",2008,0.570524924471299,-0.561198421815231,2.89257369614512,1.06214665811726,1.10212531051615,0.0972404161681441,0.668932437285179,-0.402072214558916,1.08333333333333,0.0800427076735364,3,"N","B","SMR","C",2495.721854,"M",1.46856614952431,0.384286516283354,1.01161512158471,0.0115481838877064,"SPUL","SMR",1.04646464646465,0.0454174796907928
"135","Scorpion SMR",2009,1.43240253130947,0.359353126321161,7.20878325508607,1.97530017909253,1.02146315927235,0.0212360693019656,1.35711617932314,0.30536199201713,1.54666666666667,0.436102077570054,4,"N","B","SMR","C",2495.721854,"M",1.08661818500086,0.0830702906853387,1.10908467323154,0.103535056428883,"SPUL","SMR",0.922995780590717,-0.0801306158974073
"136","Scorpion SMR",2010,0.790164518619707,-0.235514103785036,6.19581571815718,1.82387418004601,1.01319423135931,0.0131079456425119,0.826177906165953,-0.1909451458852,1.68981481481481,0.524618945898327,5,"N","B","SMR","C",2495.721854,"M",2.04838620168359,0.71705226444004,1.2448720064995,0.219032718607272,"SPUL","SMR",1.00980392156863,0.00975617494536466
"137","Scorpion SMR",2011,0.576437587657784,-0.550888205918061,18.0018274853801,2.89047327970821,0.781579624388989,-0.246438247696505,0.60684583397505,-0.499480500452836,1.43538961038961,0.361436317858623,6,"N","B","SMR","C",2495.721854,"M",2.02680575839475,0.706461035741867,1.43220408931504,0.359214578854773,"SPUL","SMR",0.852941176470588,-0.159064694629687
"138","Scorpion SMR",2012,1.19019876627827,0.174120323661343,12.9745322245322,2.56298837634289,0.661689587426326,-0.412958734182351,1.0297419971333,0.0293082826440347,1.62719298245614,0.486856433652994,7,"N","B","SMR","C",2495.721854,"M",1.65487791400817,0.503727238137141,1.01001585744987,0.00996603117533486,"SPUL","SMR",1.36923076923077,0.314249099836503
"139","Scorpion SMR",2013,1.60159476651292,0.470999861911716,6.63943355119826,1.89302665129488,0.469980561825934,-0.755063942950452,1.20044697367945,0.182693965507432,1.44009839611691,0.364711441890224,8,"N","B","SMR","C",2495.721854,"M",1.83110851841887,0.604921531232081,1.03403490680931,0.0334685345196209,"SPUL","SMR",1.37807606263982,0.320688368919951
"140","Scorpion SMR",2014,0.525044420001692,-0.644272410442665,17.1470013618269,2.84182331061742,0.434894162924952,-0.832652581117381,0.50592845659164,-0.681360009826298,1.97685185185185,0.68150560554446,9,"Y","D","SMR","C",2495.721854,"M",2.35949322468201,0.858446860674358,1.51135104676473,0.413003983748675,"SPUL","SMR",1.85714285714286,0.619039208406223
"141","Scorpion SMR",2015,0.106434491107179,-2.24022559006341,22.6873518638225,3.12180758258546,0.320543293718166,-1.13773792994019,0.151397629152642,-1.88784559759518,1.73809523809524,0.552789822865023,10,"Y","D","SMR","C",2495.721854,"M",0.958401932487831,-0.0424880352542126,1.13781974617082,0.12911392787781,"SPUL","SMR",1.09677419354839,0.0923733201310151
"142","Scorpion SMR",2016,0.0913238221632382,-2.39334360358365,12.1497502226697,2.49730861177028,0.845403022670025,-0.167941815424061,0.17473474801061,-1.74448618058648,1.8802972027972,0.631429850941746,11,"Y","D","SMR","C",2495.721854,"M",1.73757318414328,0.552489417940008,1.22731444349395,0.204828403063406,"SPUL","SMR",0.727586206896552,-0.318022789504453
"143","Scorpion SMR",2017,0.0837960625946492,-2.47936925834201,16.2729532163743,2.78950441775111,0.491509433962264,-0.710274145352746,0.143307086614173,-1.94276549237584,2.05416666666667,0.719870250700699,12,"N","A","SMR","C",2495.721854,"M",1.41925968835465,0.350135389435854,1.11248823945919,0.106599163729742,"SPUL","SMR",0.944723618090452,-0.0568628618945432
"144","Scorpion SMR",2018,0.100698142231689,-2.29562792797111,6.90748589166456,1.93260573534712,0.511613308223478,-0.670186196669186,0.164372631158987,-1.80561928735403,1.77173520923521,0.571959410562876,13,"N","A","SMR","C",2495.721854,"M",1.53635178710067,0.429410636562891,1.21140244812152,0.19177873646536,"SPUL","SMR",0.914473684210526,-0.0894065877155846
"145","Scorpion SMR",2019,0.0331682364404027,-3.40616259474433,5.51369124462345,1.70723431622489,0.356695869837297,-1.03087176549762,0.0572344779397085,-2.86059880100023,1.44976076555024,0.371398553544558,14,"N","A","SMR","C",2495.721854,"M",2.40617094622392,0.878036664996937,1.33099738789819,0.285928576900298,"SPUL","SMR",1.01360544217687,0.0135137191667226
"146","Scorpion SMR",2020,0.0503333386539822,-2.98908762512707,10.4182507234372,2.34355914540289,0.673055493648317,-0.395927495607068,0.0903266881540727,-2.40432231234647,1.81409523809524,0.595586852021084,15,"N","A","SMR","C",2495.721854,"M",1.93432337388155,0.659757587749691,1.11579613630481,0.109568173710273,"SPUL","SMR",1.1651376146789,0.152839204229447
"147","South La Jolla SMR",2011,0.764705882352941,-0.268263986594679,0.828641451944095,-0.187967724106779,0.75,-0.287682072451781,0.68,-0.385662480811985,0.592592592592593,-0.523248143764548,0,"N","B","SMR","ML",1306.320744,"S",1.28805763557183,0.25313537479577,0.833333333333333,-0.182321556793955,"SPUL","SMR",1.25,0.22314355131421
"148","South La Jolla SMR",2012,0.279569892473118,-1.27450295513177,0.719210555330957,-0.329601119443331,1.38271604938272,0.324049716622656,0.76,-0.27443684570176,0.87719298245614,-0.131028262406404,0,"N","B","SMR","ML",1306.320744,"S",2.27061412060868,0.820050332617657,1.42042042042042,0.350952898511489,"SPUL","SMR",1.36363636363636,0.310154928303839
"149","South La Jolla SMR",2019,1.25,0.22314355131421,0.994074074074074,-0.00594355390084811,0.568181818181818,-0.565313809050061,0.613636363636364,-0.488352767913932,0.764705882352941,-0.268263986594679,7,"N","A","SMR","ML",1306.320744,"S",1.11109311939295,0.105344322980378,0.897082334132694,-0.10860763280487,"SPUL","SMR",1.47826086956522,0.390866308687012
"150","South La Jolla SMR",2020,0.888888888888889,-0.117783035656383,1.19520789288231,0.178320139191806,0.294117647058824,-1.22377543162212,0.285714285714286,-1.25276296849537,0.8,-0.22314355131421,8,"N","A","SMR","ML",1306.320744,"S",3.06563806180444,1.12025572449383,1.08813422276127,0.0844645073332486,"SPUL","SMR",1.88461538461538,0.633723760089145
"151","South Point SMR",2003,59.1666666666667,4.08035832024736,1.02021082495659,0.0200092970724196,1.69325153374233,0.526650664910388,3.83435582822086,1.34400144892964,1,0,0,"N","B","SMR","C",3387.008573,"M",NA,NA,NA,NA,NA,NA,NA,NA
"152","South Point SMR",2005,2.17241379310345,0.775838896405059,1.29821609959937,0.260991091018822,5.51470588235294,1.7074183207943,5.15384615384615,1.63974326192943,1,0,0,"N","B","SMR","C",3387.008573,"M",1.93333658226463,0.659247309364557,NA,NA,"SPUL","SMR",1.45161290322581,0.372675285285174
"153","South Point SMR",2007,6.27678571428571,1.83685802051557,1.165506169493,0.153155472909952,3.9594414893617,1.37610297727962,4.52036199095023,1.5085920771308,1,0,2,"N","B","SMR","C",3387.008573,"M",1.89120853828676,0.637216062964986,1.05538893649807,0.0539093591772992,"SPUL","SMR",1.375,0.318453731118535
"154","South Point SMR",2008,4.96902654867257,1.60322395546616,0.920665860794232,-0.0826581089954052,3.13898305084746,1.14389887830636,3.7260101010101,1.31533798312851,1,0,3,"N","B","SMR","C",3387.008573,"M",2.63435794035997,0.968639486404424,1.26206247385302,0.232747266739245,"SPUL","SMR",1.36153846153846,0.308615282118247
"155","South Point SMR",2009,1.22027627035027,0.199077284215763,1.1356295783263,0.127187191707822,3.62798264642082,1.28867674900574,2.51396648044693,0.92186177692361,1.04166666666667,0.0408219945202552,4,"N","B","SMR","C",3387.008573,"M",2.41618141707375,0.882188367101873,1.26137884771828,0.232205446213744,"SPUL","SMR",1.37967914438503,0.321850968067031
"156","South Point SMR",2010,6.44611186903138,1.86347713804119,1.25069486029839,0.223699285104291,2.86669851887243,1.05316102576419,4.39839954272649,1.48124073446524,1,0,5,"N","B","SMR","C",3387.008573,"M",2.28341725746083,0.825673118022908,1.10202176529835,0.0971464612601368,"SPUL","SMR",1.27027027027027,0.239229689065834
"157","South Point SMR",2011,7.3747870528109,1.99806702761388,1.00104770372972,0.00104715527121846,2.72327044025157,1.00183352578226,5.12960698689956,1.6350290455071,1.056,0.0544881852840698,6,"N","B","SMR","C",3387.008573,"M",5.13962681148574,1.63698047206191,1.10585234319215,0.100616388936306,"SPUL","SMR",2.45454545454545,0.897941593205958
"158","South Point SMR",2012,3.56345177664975,1.27072967528782,1.27917931950297,0.246218715664406,1.44507729861676,0.36816281398608,1.75035663338088,0.559819557676321,1,0,7,"N","B","SMR","C",3387.008573,"M",2.27019822862527,0.819867153066253,1.19265524888218,0.17618212304854,"SPUL","SMR",1.27710843373494,0.244598486315469
"159","South Point SMR",2014,1.03727414677671,0.036596259571069,1.08339805431688,0.0801024483353764,2.29502984687257,0.830745848601174,1.36005593101841,0.307525824651152,1.21551724137931,0.195169699271804,9,"Y","D","SMR","C",3387.008573,"M",0.992167946409328,-0.00786288521117528,1.13263721090784,0.124548728570584,"SPUL","SMR",0.888888888888889,-0.117783035656383
"160","South Point SMR",2015,0.374987219249514,-0.980863335593826,1.24090470755197,0.215840716450655,1.27209256908505,0.240663236707932,0.507856178208908,-0.677556985249915,1.0625,0.0606246218164348,10,"Y","D","SMR","C",3387.008573,"M",2.74450619510388,1.00960116628487,1.35463687150838,0.303533426908793,"SPUL","SMR",1.475,0.388657989791783
"161","South Point SMR",2016,0.61466539693533,-0.486677229259274,1.51375369789095,0.414592458749858,0.87498325070347,-0.133550534860911,0.677889496610225,-0.388770988675835,1.1,0.0953101798043249,11,"Y","D","SMR","C",3387.008573,"M",1.10301446653133,0.0980468558075915,0.847142807579013,-0.165885994552748,"SPUL","SMR",1.09941520467836,0.0947784063272895
"162","South Point SMR",2017,0.667674261963825,-0.403954856167218,2.68765342720876,0.988668481018212,1.65296411340956,0.502570108627152,0.863681867277852,-0.146550787152875,1.39583333333333,0.333491608483075,12,"N","A","SMR","C",3387.008573,"M",1.39301657048635,0.331471590266293,0.969625902862957,-0.0308449490250021,"SPUL","SMR",1.56896551724138,0.450416495970431
"163","South Point SMR",2018,1.25313041803121,0.225644755119377,1.30361425049476,0.26514059956831,1.78947368421053,0.581921545449721,1.38221047996477,0.323684014736395,1.42,0.350656871613169,13,"N","A","SMR","C",3387.008573,"M",1.85387714339284,0.617279199248343,1.04808001736878,0.0469599354352737,"SPUL","SMR",1.15384615384615,0.143100843640673
"164","South Point SMR",2019,0.772131941691989,-0.25859983463318,1.72172364230483,0.54332590665979,3.31627132750728,1.19884105766128,1.14083837217202,0.131763406307882,1.42857142857143,0.356674943938732,14,"N","A","SMR","C",3387.008573,"M",2.51295124038571,0.921457855422842,1.00730387654994,0.00727733241529794,"SPUL","SMR",1.96774193548387,0.676886659688165
"165","South Point SMR",2020,0.4130780714274,-0.884118668952785,0.923371291989389,-0.0797238588560517,1.17089153302294,0.157765452676301,0.478345630136165,-0.737421732185222,1.14285714285714,0.133531392624523,15,"N","A","SMR","C",3387.008573,"M",2.72242907876408,1.00152452544493,1.20448266335129,0.186050149736571,"SPUL","SMR",1.81052631578947,0.593617585212912
